{"1_1": {"dn": {"max": -27.05527687072754,
                "mean": -54.87324415738042,
                "min": -74.7903060913086},
         "up": {"max": 81.27751922607422,
                "mean": 9.924143083031145,
                "min": -23.911052703857422}},
 "1_2": {"dn": {"max": -36.67634201049805,
                "mean": -64.14599451620748,
                "min": -87.41167449951172},
         "up": {"max": 84.55107116699219,
                "mean": 18.055546940961538,
                "min": -34.621639251708984}},
 "1_3": {"dn": {"max": -10.088408470153809,
                "mean": -49.37168226127165,
                "min": -80.93781280517578},
         "up": {"max": 78.47335052490234,
                "mean": 31.399826217353084,
                "min": -5.027736663818359}},
 "2_1": {"dn": {"max": -61.00216293334961,
                "mean": -80.09608316157129,
                "min": -95.31611633300781},
         "up": {"max": 92.94270324707031,
                "mean": -3.403618284393763,
                "min": -59.44243621826172}},
 "2_2": {"dn": {"max": -48.99917221069336,
                "mean": -117.40285817546729,
                "min": -160.26918029785156},
         "up": {"max": 158.36766052246094,
                "mean": 41.18396728674134,
                "min": -43.941444396972656}},
 "3_1": {"dn": {"max": -51.032161712646484,
                "mean": -70.11864214610216,
                "min": -85.34611511230469},
         "up": {"max": 82.94822692871094,
                "mean": 2.2777464357385195,
                "min": -49.47243881225586}},
 "3_2": {"dn": {"max": -48.99917221069336,
                "mean": -116.99513096245332,
                "min": -160.26918029785156},
         "up": {"max": 158.36766052246094,
                "mean": 46.73329514942615,
                "min": -43.941444396972656}},
 "4_1": {"dn": {"max": -40.88215637207031,
                "mean": -59.27435367655927,
                "min": -75.19611358642578},
         "up": {"max": 73.13374328613281,
                "mean": 7.687382832706469,
                "min": -39.32243347167969}},
 "4_2": {"dn": {"max": -48.99917221069336,
                "mean": -107.1781993088735,
                "min": -160.26918029785156},
         "up": {"max": 158.36766052246094,
                "mean": 59.19308674702825,
                "min": -43.941444396972656}}}
